Designator,Footprint,Quantity,Value,LCSC Part #
,e0d5eb0a-6c50-48e5-8d74-95606411ad53,1,,
"D1, D10, D11, D12, D13, D14, D15, D16, D17, D18, D19, D2, D20, D21, D3, D4, D5, D6, D7, D8, D9",LED_PLCC_2835_Handsoldering,21,UV LED,
"H1, H2, H3, H4",MountingHole_3.2mm_M3_Pad_Via,4,MountingHole_Pad,
J1,IDC-Header_2x08_P2.54mm_Vertical,1,Conn_02x08_Odd_Even,
"JP16, JP24, JP8",PinHeader_1x02_P2.54mm_Vertical,3,Jumper_2_Open,
"TH1, TH2, TH3, TH4",R_1206_3216Metric_Pad1.30x1.75mm_HandSolder,4,10K,
TP10,TestPoint_Keystone_5000-5004_Miniature,1,-LED8/+LED9,
TP11,TestPoint_Keystone_5000-5004_Miniature,1,-LED9/+LED10,
TP12,TestPoint_Keystone_5000-5004_Miniature,1,-LED10/+LED11,
TP13,TestPoint_Keystone_5000-5004_Miniature,1,-LED11/+LED12,
TP14,TestPoint_Keystone_5000-5004_Miniature,1,-LED12/+LED13,
TP15,TestPoint_Keystone_5000-5004_Miniature,1,-LED13/+LED14,
TP18,TestPoint_Keystone_5000-5004_Miniature,1,-LED15/+LED16,
TP19,TestPoint_Keystone_5000-5004_Miniature,1,-LED16/+LED17,
TP2,TestPoint_Keystone_5000-5004_Miniature,1,-LED1/+LED2,
TP20,TestPoint_Keystone_5000-5004_Miniature,1,-LED17/+LED18,
TP21,TestPoint_Keystone_5000-5004_Miniature,1,-LED18/+LED19,
TP22,TestPoint_Keystone_5000-5004_Miniature,1,-LED19/+LED20,
TP23,TestPoint_Keystone_5000-5004_Miniature,1,-LED20/+LED21,
TP25,TestPoint_Keystone_5000-5004_Miniature,1,T1-In,
TP26,TestPoint_Keystone_5000-5004_Miniature,1,T1-Out,
TP27,TestPoint_Keystone_5000-5004_Miniature,1,T3-In,
TP28,TestPoint_Keystone_5000-5004_Miniature,1,T3-Out,
TP29,TestPoint_Keystone_5000-5004_Miniature,1,T2-In,
TP3,TestPoint_Keystone_5000-5004_Miniature,1,-LED2/+LED3,
TP30,TestPoint_Keystone_5000-5004_Miniature,1,T2-Out,
TP31,TestPoint_Keystone_5000-5004_Miniature,1,T4-In,
TP32,TestPoint_Keystone_5000-5004_Miniature,1,T4-Out,
TP4,TestPoint_Keystone_5000-5004_Miniature,1,-LED3/+LED4,
TP5,TestPoint_Keystone_5000-5004_Miniature,1,-LED4/+LED5,
TP6,TestPoint_Keystone_5000-5004_Miniature,1,-LED5/+LED6,
TP7,TestPoint_Keystone_5000-5004_Miniature,1,-LED6/+LED7,
